,attempts,salt,attempts,salt,attempts,salt
1,8,CCCCCCCCCCCCCCCCCCCCCCCCC.C(=O)(C(F)(F)F)[O-],20,CCNNNNCC.CC(C(=O)[O-])O,3,CCCC[P+](CCCC)(CCCC)CCCCO.c1c(cn[n-]1)[N+](=O)[O-]
2,22,CCCCCCCCCCCCCCCCCCCCCCCCCCCC.COS(=O)(=O)[O-],172,CCCN.C(F)(F)(F)S(=O)(=O)[N-]S(=O)(=O)C(F)(F)F,25,C[n+]1ccn(CCCC#N)c1.C(#N)[N-]C#N
3,59,CCCCCCCCCCCCCCCNCCCCCCCC.C(=O)[O-],499,CNCNNO.C(=C(C#N)C#N)=[N-],47,C[n+]1ccn(CCCC#N)c1.[B-](F)(F)(F)F
4,97,CCCCCCCCCCCCCCCCCCCCCCCC.OS(=O)(=O)[O-],714,CCCCCCCC=CCCCCCCCCCCCCCCCCC.C(F)(F)(F)S(=O)(=O)[N-]S(=O)(=O)C(F)(F)F,62,C[n+]1ccn(CCCCCO)c1.C(F)(F)(F)S(=O)(=O)[N-]S(=O)(=O)C(F)(F)F
5,100,CCCCCCCCCCCCCCCCCCCCCC.[N+](=O)([O-])[O-],723,CNCCO.[N+](=O)([O-])[O-],67,C#CCCCn1cc[n+](C)c1.CC1=NC=C(N1)[N+](=O)[O-]
6,106,CCCCCCCCCCCCCCCCCCCC.[B-](F)(F)(F)F,895,CCNNNCC.[N-](S(=O)(=O)F)S(=O)(=O)F,183,CCCCCCn1cc[n+](C)c1.C(F)(F)(F)S(=O)(=O)[O-]
7,151,CCCCCCCCCCCCCCCCCCCCCCCCCCCCCCCCCCCCCCCCCCCC.C[C@@H](C(=O)[O-])N,915,CCCC=CC=CCCCCCCCCCCCC=C=NC.CC(C)[C@@H](C(=O)[O-])N,190,C[n+]1ccn(CCCCNN)c1.C(=C(C#N)C#N)=[N-]
8,163,CCCCCCCCCCCCCCCCCCCCCCCCCC.CC(=O)[O-],990,CNNCCO.C(C(F)(F)S(=O)(=O)[N-]S(=O)(=O)C(C(F)(F)F)(F)F)(F)(F)F,192,CCC[N+](C)(C)C.C(F)(F)(F)S(=O)(=O)[N-]S(=O)(=O)C(F)(F)F
9,182,CCCCCCCCCCCCCCCCCCCCCCC.[B-](F)(F)(F)F,1069,CCCCCCCCCC(CCCCC)N(C)C(CCCC)(CCCCCC)CCCCCC.OS(=O)(=O)[O-],197,CCCC[P+]CC.N#C[B-](C#N)(C#N)C#N
10,203,CCCCCCCCCCCCCCCCCCCCCCCC.[O-]P([O-])(=O)CC,1251,CC=CCCCCCCCCCCCCCC=CCCCCCC.C(F)(F)(F)S(=O)(=O)[N-]S(=O)(=O)C(F)(F)F,206,C[n+]1ccn(CCCCCN)c1.CCCCC(CC)COC(=O)CC(C(=O)OCC(CC)CCCC)S(=O)(=O)[O-]
11,265,CCCCCCCCCCCCCCCCCCCCCC.c1c(cn[n-]1)[N+](=O)[O-],1669,CCCC=CC=CCCC(CCCCCC)CCCCCCCC.OS(=O)(=O)[O-],208,CCC[N+](C)(C)C.CS(=O)(=O)[O-]
12,290,CCCCCCCCCCCCCCCCCCCCCCCC.CC1=NC=C(N1)[N+](=O)[O-],1787,CC=CCNCCCC1CCCCCCC1.C(F)(F)(F)S(=O)(=O)[N-]S(=O)(=O)C(F)(F)F,228,CNCCCCn1cc[n+](C)c1.C(F)(F)(F)S(=O)(=O)[O-]
13,308,CCCC[C+]CCCCCCCCCCCC.FC(F)(F)S(=O)(=O)[N-]S(=O)(=O)C(F)(F)F,1899,CCCCCCCCCC(C)(CC)CCC.[B-](F)(F)(F)F,236,C[n+]1ccn(CCCC#N)c1.C(F)(F)(F)S(=O)(=O)[N-]S(=O)(=O)C(F)(F)F
14,323,CCCCCCCCCCCCCCCCCCCCCCCC.C(F)(F)(F)S(=O)(=O)[N-]S(=O)(=O)C(F)(F)F,1969,CC.FC(F)(F)S(=O)(=O)[N-]S(=O)(=O)C(F)(F)F,282,C[n+]1ccn(CCCCCN)c1.CCOS(=O)(=O)[O-]
15,389,CCCCCCCCCCCCCCCCCCCCCCCCCCCCCCCCCCCCCCCCCCCCCC.C(F)(F)(F)S(=O)(=O)[N-]S(=O)(=O)C(F)(F)F,1995,CNNCO.C(CS(=O)(=O)[O-])N,337,C#CCCCn1cc[n+](C)c1.C(=O)(C(F)(F)F)[O-]
16,401,CCCCCCCCCCCCCCCCCCCCCCCCCCCCCCCCCC.C(C(F)(F)S(=O)(=O)[O-])(OC(C(F)(F)F)(F)F)F,1996,CCCC.COP(=O)([O-])OC,342,C#CCCCn1cc[n+](C)c1.C(F)(F)(F)S(=O)(=O)[N-]S(=O)(=O)C(F)(F)F
17,410,CCCCCCCCCCCCCC(CC)CCC.C1=CC=C(C=C1)[O-],2175,CCCNCCO.c1ccc(c(c1)C(=O)[O-])O,372,CCCCCCSC(N(C)C)=[N+](C)CC.OP(=O)(O)[O-]
18,428,CCCCCCCCCCCCCCCCCCCCCCCCCCC.F[P-](F)(F)(F)(F)F,2325,CCNCC.[Cl-],440,CCCCCCCC[N+](C)(CCCCCC)CCCCCCCC.[Cl-]
19,471,CCCCCCCCCCCCCCCCCCCCCCCC.F[P-](F)(F)(F)(F)F,2373,CC=C=CCCCCCCCNCCCC=CC=CCCCC.C(=O)(O)[O-],448,C[n+]1ccn(CCCCCCCCCO)c1.FC(F)(F)S(=O)(=O)[N-]S(=O)(=O)C(F)(F)F
20,477,CCCCCCCCCCCCCCCCCCCCCCCCCCCCC.C(F)(F)(F)S(=O)(=O)[N-]S(=O)(=O)C(F)(F)F,2421,C=CC(CCCCCCCC)CCCCCCCCCC.OS(=O)(=O)[O-],474,C[n+]1ccn(CCCCCN)c1.CC(C(=O)[O-])O
21,485,CCCCCCCCCCCCCCCCCCCCC.C(F)(F)(F)S(=O)(=O)[N-]S(=O)(=O)C(F)(F)F,2658,CCCCCCCCC1CCCCCCCCCCC1.C(=O)(C(F)(F)F)[O-],478,CCCCCCC[n+]1cc(C)ccc1C.F[P-](F)(F)(F)(F)F
22,496,CCCCCCCCCCCCCCCCCCCCCCC.C(=O)(O)[O-],2764,CCCNC.OS(=O)(=O)[O-],509,C#CCCCn1cc[n+](C)c1.N#C[B-](C#N)(C#N)C#N
23,566,CCCCCCCCCCCCCCCCCCCCCCCCCCCCCCCCCCCCCCCCCCCCCCC.C(F)(F)(F)S(=O)(=O)[N-]S(=O)(=O)C(F)(F)F,2826,CCCCCCCCCCC(CCCC)CCCCCCC.C[C@@H](C(=O)[O-])N,510,C[n+]1ccn(CCCC#N)c1.C(C(F)(F)S(=O)(=O)[N-]S(=O)(=O)C(C(F)(F)F)(F)F)(F)(F)F
24,582,CCCCCCCCCCCCCCCCCCCCCCCCCC.[B-](F)(F)(F)F,3016,CCCNNC.FC(F)(F)S(=O)(=O)[N-]S(=O)(=O)C(F)(F)F,541,C[n+]1ccn(CCCC#N)c1.FC(F)(F)S(=O)(=O)[N-]S(=O)(=O)C(F)(F)F
25,598,CCC.N#C[B-](C#N)(C#N)C#N,3038,CCCNNN(C)C.CC1=CC=C(C=C1)S(=O)(=O)[O-],557,C[NH+](C)CCO.COCCOCCOS(=O)(=O)[O-]
26,631,CCCCCCCCCCCCCCCCCCCCCC.C(F)(F)(F)S(=O)(=O)[O-],3375,CCCNCN1CC=C(C)C1.c1c(cn[n-]1)[N+](=O)[O-],584,CCCC[N+]1(C)CCOOC1.Cl[Fe-](Cl)(Cl)Cl
27,652,CCCCCCCCCCCCCCCCCCCCCCCCCCCC.CCCCCC(=O)[O-],3565,CCNNC.C(F)(F)(F)S(=O)(=O)[O-],607,CC[n+]1cccnc1.C(F)(F)(F)S(=O)(=O)[O-]
28,680,CCCCCCCCCCCCCCCCCCCCCCCCCCCCCCCCCCCCC.C(F)(F)(F)S(=O)(=O)[N-]S(=O)(=O)C(F)(F)F,3593,C=CC=CC=CCCCCCCCCCCCC=C=CC.CCCCCCCCOP(=O)[O-],608,C[n+]1ccn(CCCCCN)c1.C(F)(F)(F)S(=O)(=O)[N-]S(=O)(=O)C(F)(F)F
29,717,CCCCCCCCCCCCCCCCCCCCCCCCCCCCCC.C(=O)(C(F)(F)F)[O-],3691,CCCCCNCC.C(F)(F)(F)S(=O)(=O)[N-]S(=O)(=O)C(F)(F)F,628,CC1C=[N+](C)C=CC=N1.[B-](F)(F)(F)F
30,870,CCCCCCCCCCCCCCCCCCCCCCC.C(=O)(C(F)(F)F)[O-],3736,CCNCO.CCCCCCCCCCOS(=O)(=O)[O-],633,CCCCCCn1cc[n+](C)c1.c1c(cn[n-]1)[N+](=O)[O-]
31,886,CCCCCCCCCCCCCCCCCCCCCC.CC(C(=O)[O-])O,3773,CCNNCC.c1c(cn[n-]1)[N+](=O)[O-],634,CCCCCCCCCCCCC1C=C[N+](C)=C1.[I-]
32,889,CCCCCCCCCCCCCCCCCCCC.C1C[C@H](NC1)C(=O)[O-],3891,C.F[P-](F)(F)(F)(F)F,648,C[n+]1ccn(CCCC#N)c1.F[P-](F)(F)(F)(F)F
33,906,CCCCCCCCCCCCCCCCCCCCCCCCCCCCCC.C(=C(C#N)C#N)=[N-],3953,CCN(O)CNCCNC.C(F)(F)(F)S(=O)(=O)[N-]S(=O)(=O)C(F)(F)F,663,C[n+]1ccn(CCCC#N)c1.C(F)(F)(F)S(=O)(=O)[O-]
34,916,CCCCCCCCCCCCCCCCCCCCCCCCCCCCCCCC.c1cc(cc(c1)S(=O)(=O)[O-])C(=O)O,4035,CCCNNN1CCCC1C.[Cl-],702,CCCCC=[P+](CCCCCC)(CCCCCC)CC(C)C.CCCCOS(=O)(=O)[O-]
35,928,CCCCCCCCCCC(C)CCCCCCC.C(CO)N(CCO)CCS(=O)(=O)[O-],4042,C=CC=CC=CCCCCCCCCCCCC=C=NC.C(F)(F)(F)S(=O)(=O)[N-]S(=O)(=O)C(F)(F)F,741,CCCCCCn1cc[n+](C)c1.CCOP(=O)([O-])OCC
36,934,CCCCCCCCCCCCCCCCCCCCCCCCC.CCCCCCCCOP(=O)[O-],4111,CNCN.COP(=O)([O-])OC,760,C[n+]1ccn(CCCCCN)c1.c1cnn[n-]1
37,967,CCCCCCCCCCCCCCCCCCCCCCCCC.[B-](F)(F)(F)F,4449,C=CCCC.[Cl-],762,CCCCn1cc[n+](CCCCCCOO)c1.OS(=O)(=O)[O-]
38,1008,CCCCCCCCCCCCCCCCCCCCCCCC.[N-](S(=O)(=O)F)S(=O)(=O)F,4521,CCCCCCCCC1CCCCCCCCCCC1.C(=O)[O-],766,C[n+]1ccn(CCCC#N)c1.[Br-]
39,1061,CCCCCCCCCCCCCCCCCCCCCCCCCCCCCCCCCCCCCCCCCCCC.F[B-](F)(F)C(F)(F)F,4700,O.C(#N)[S-],780,C[n+]1ccn(CCCC#N)c1.[Cl-]
40,1064,CCCCCCCCCCCCCCCCCCCCCCC.N#C[B-](C#N)(C#N)C#N,4705,CCCCCCCCCCC(CCCCCC)(CCCCCCCCOCC)C(C)CCCC.CCOS(=O)(=O)[O-],782,C#CCCCn1cc[n+](C)c1.F[B-](F)(F)C(F)(F)F
41,1097,CCCCCCCCCCCCCCCCCCCCCCCCCCCCCCCCCCCCCCCCCCC.[O-]P(=O)([O-])CCCCCC,4711,CCCNNCO.[B-](F)(F)(F)F,784,CCCC[n+]1ccccc1.F[P-](F)(F)(F)(F)F
42,1143,CCCCCCCCCCCCCCCCCCCCCCCCCCC.C(F)(F)(F)S(=O)(=O)[N-]S(=O)(=O)C(F)(F)F,5000,CCCCCCCCCC(CCCCCC)CCCCCCC.C(F)(F)(F)S(=O)(=O)[N-]S(=O)(=O)C(F)(F)F,851,C[n+]1ccn(CCCCCN)c1.CCOP(=O)([O-])OCC
43,1156,CCCCCCCCCCCCCCCCCCCCCCCCCCCC.[I-],5451,CCCC=CC=CCCCCCCCCCCCC=C=NC.[N-](S(=O)(=O)F)S(=O)(=O)F,884,C[n+]1ccn(CCCCCN)c1.[N+](=O)([O-])[O-]
44,1164,CCCCCCCCCCCCCCCCCCCCCCCCCCCCCCCCCCCCCCCCCCCCC.C1=CC=C(C=C1)[O-],5641,C=CC=CCC(CCCCCC)CCCCCCCCCC.C(F)(F)(F)S(=O)(=O)[N-]S(=O)(=O)C(F)(F)F,885,CCCCCCCCCn1cc[n+](CCC#N)c1.[B-](F)(F)(F)F
45,1171,CCCCCCCCCCCCCCCCCCCCCOCCCCCCCCCCCCCCCCCOOOOCCCCC.FC(F)(F)S(=O)(=O)[N-]S(=O)(=O)C(F)(F)F,5647,OCCCNNNCO.C(#N)[S-],892,C[n+]1ccn(CCCCCN)c1.N#C[B-](C#N)(C#N)C#N
46,1195,CCCCCCCCCCCCCCCCCCCCCCCCCCCCCCCCC.C(#N)[S-],5926,CCCCNCCC.C(F)(F)(F)S(=O)(=O)[N-]S(=O)(=O)C(F)(F)F,898,C[n+]1ccn(CCCC#N)c1.CCOS(=O)(=O)[O-]
47,1383,CCCCCCCCCCCCCCCCCCCCCCCCC.[I-],6074,C=CCCCCCCCCCCCCCCCCCCCCCC.C(F)(F)(F)S(=O)(=O)[N-]S(=O)(=O)C(F)(F)F,989,COC1=[N+](C)CCC1.[B-](F)(F)(F)F
48,1388,CCCCCCCCCCCCCCCCCCCCCCCCCCCCC.[Br-],6533,CC=CCCCCCCCC(CCCCC)CCCCCCCCCCCCCC.C(F)(F)(F)S(=O)(=O)[N-]S(=O)(=O)C(F)(F)F,1012,C#CCCCn1cc[n+](C)c1.COS(=O)(=O)[O-]
49,1428,CCCCCCCCCCCCCCCCCCCCCCCCCCC.[Br-],6575,CC1C=CCNNSNN1.[Cl-],1032,C#CCCCn1cc[n+](C)c1.[N+](=O)([O-])[O-]
50,1498,CCCCCCCCCCCCCCCCCCCCCCCCCCCCC.F[P-](F)(F)(F)(F)F,6576,CCN=O.[Cl-],1092,[NH2+]CCO.F[P-](F)(F)(F)(F)F
51,1511,CCCCCCCCCCCCCCCCCCCCCCCCCCCCCCCCCC.C(=C(C#N)C#N)=[N-],6666,CCCCCCCCCC(CCCC)CCCCCCCCC.C(F)(F)(F)S(=O)(=O)[N-]S(=O)(=O)C(F)(F)F,1141,C#CCC[n+]1ccn(CCCCCC)c1.FC(F)(F)S(=O)(=O)[N-]S(=O)(=O)C(F)(F)F
52,1564,CCCCCCCCCCCCCCCCCCCCCCCCCCC.C(F)(F)(F)S(=O)(=O)[O-],6873,C.C(=C(C#N)C#N)=[N-],1152,CCCCC#CCn1cc[n+](C)c1.C(C(F)(F)S(=O)(=O)[O-])(OC(C(F)(F)F)(F)F)F
53,1694,CCCCCCCCCCCCCCCCCCCCC.CCCCOS(=O)(=O)[O-],6881,CCCN.CS(=O)(=O)[O-],1166,C#CCCCn1cc[n+](C)c1.CCC(=O)[O-]
54,1697,CCCCCCCCCCCCCCCCCCCCCCCC.[Br-],6906,CC=C=CCCCCCCCCCCCC=CC=CCCC.CCCCCCCC/C=C\CCCCCCCC(=O)[O-],1190,C[n+]1ccn(CCCCCO)c1.C(=O)(C(F)(F)F)[O-]
55,1862,CCCCCCCCCCCCCCCCCCCCCCCC.CC(=O)[O-],7066,CCCCCCCCC1CCCCCCCCCCC1.F[P-](F)(F)(F)(F)F,1209,C[n+]1ccn(CCCCCN)c1.CC1=CC=C(C=C1)S(=O)(=O)[O-]
56,1872,CCCCCCCCCCCCCCCCCCCCCCCCCC.COS(=O)(=O)[O-],7177,CC=C=CCCCCCCCCCCCC=CCCCCCCC.C(F)(F)(F)S(=O)(=O)[N-]S(=O)(=O)C(F)(F)F,1218,CCCC[N+]1=C=CC=C1.c1[n-]cnn1
57,1956,CCCCCCCCCC(CCCCCCC)CCCCCCCC.C(#N)[S-],7424,CCCCCN(C)C.C(=O)[O-],1252,C[n+]1ccn(CCCC#N)c1.c1c(cn[n-]1)[N+](=O)[O-]
58,1989,CCCCCCCCCCCCCCCCCCCCCCCC.C(C(F)(F)S(=O)(=O)[N-]S(=O)(=O)C(C(F)(F)F)(F)F)(F)(F)F,7639,CCCCCN(CC)NCCC.[N+](=O)([O-])[O-],1263,C[n+]1ccn(CCCCCN)c1.F[P-](F)(F)(F)(F)F
59,1993,CCCCCCCCCCCCCCCCCCCCCCCCCCC.C1COCCN1CC(CS(=O)(=O)[O-])O,7983,CNNNO.[Br-],1281,C[n+]1ccn(CCCCCN)c1.c1nnn[n-]1
60,2106,CCCCCCCCCCCCCCCCCCCCC.CCCCCCCCOP(=O)[O-],8070,C=CCCCCCCCCCCCCCCCCCCCCCCC.C(F)(F)(F)S(=O)(=O)[N-]S(=O)(=O)C(F)(F)F,1306,C[n+]1ccn(CCCCCN)c1.c1cnc[n-]1
61,2216,CCCCCCCCCCCCCCC(CCCCC)CCCCC.C1CCC(CC1)NCC(CS(=O)(=O)[O-])O,8379,CCn1[nH][nH]1.[Cl-],1362,CCCCCCCCCCCCn1cc[n+](CCCCCCCCC)c1.C(C(F)(F)S(=O)(=O)[O-])(F)F
62,2238,CCCCCCCCCCCCCCCCCCCCCCCCCCCCCCCC.C(C(CS(=O)(=O)[O-])O)NC(CO)(CO)CO,8478,CCNNOC.CCC(=O)[O-],1371,C#CCCCn1cc[n+](C)c1.C(CO)N(CCO)CCS(=O)(=O)[O-]
63,2361,CCCCCCCCCCCCCCCCCCCCCCC.C[C@H]([C@@H](C(=O)[O-])N)O,8846,CCCCNCC.Cc1ccc(cc1)S(=O)(=O)[O-],1406,CCCCn1cn[n+](C)c1.FC(F)(F)S(=O)(=O)[N-]S(=O)(=O)C(F)(F)F
64,2399,CCCCCCCCCCCCCCCCCCCCCCCCCCCCCCCC.CCO[P@@H](=O)[O-],8938,CCCCCCCCCCCCCCCCCC(CC)CCCCCCCCCC.C(F)(F)(F)S(=O)(=O)[N-]S(=O)(=O)C(F)(F)F,1427,N#CCCCN1C=C[N+]=C1.COS(=O)(=O)[O-]
65,2416,CCCCCCCCCCCCCCCCCCCCCC(C)C.c1ccc(cc1)S(=O)(=O)[O-],9081,CNNCN.F[B-](F)(F)C(F)(F)F,1468,C#CCCCn1cc[n+](C)c1.[Br-]
66,2460,CCCCCCCCCCCCCCCCCCCCCCCCC.CC(=O)[O-],9118,CCCCCCCCCC(CC)(CCC)CCCCCC.FC(F)(F)S(=O)(=O)[N-]S(=O)(=O)C(F)(F)F,1513,CCC[C+](C)(C)CCO.C(=O)[O-]
67,2466,CCCCCCCCCCCCCCCCCCCCCCCCCC.[Cl-],9605,CCCNCC.C(F)(F)(F)S(=O)(=O)[N-]S(=O)(=O)C(F)(F)F,1517,CC[P+](CC)(CC)COOCOC.C(F)(F)(F)S(=O)(=O)[N-]S(=O)(=O)C(F)(F)F
68,2495,CCCCCCCCCCCCCCCCCCCCCCCCCCCCCCCCCCCCCCCCCCCC.c1c(cn[n-]1)[N+](=O)[O-],9736,CC=C=CCCCCCCCCCCCC=CCCCCCCC.[Br-],1557,C[N+](C)(C)CCOO.C(F)(F)(F)S(=O)(=O)[N-]S(=O)(=O)C(F)(F)F
69,2504,CCCCCCCCCCCCCCCCCCCCCCCCCCCCCCCC.OP(=O)(O)[O-],9813,CCCCCCCCCC(CCCCCC)CCCCCCC.FC(F)(F)S(=O)(=O)[N-]S(=O)(=O)C(F)(F)F,1619,C[n+]1ccn(CCCCCN)c1.C[C@@H](C(=O)[O-])N
70,2521,CCCCCCCCCCCCCCCCCCCCCCCCCC.CS(=O)(=O)[O-],9850,CCNCNC1CC=C=C1CC.C(F)(F)(F)S(=O)(=O)[N-]S(=O)(=O)C(F)(F)F,1655,C#CCCCn1cc[n+](C)c1.CCOS(=O)(=O)[O-]
71,2526,CCCCCCCCCCCCCCCCCCCCCCC.C(=C(C#N)C#N)=[N-],9977,CCCCCCCC1CCCC=CC(CCC)C1.F[P-](F)(F)(F)(F)F,1657,C[n+]1ccn(CCCCCN)c1.CCCCC(=O)[O-]
72,2660,CCCCCCCCCCCCCCCCCCCCCCCCCC.C(C(=O)[O-])N,10053,CCNC.OS(=O)(=O)[O-],1700,CCCCCCN1C=[N+](CCC#N)CCC1.C(F)(F)(F)S(=O)(=O)[N-]S(=O)(=O)C(F)(F)F
73,2670,CCCCCCCCCCCCCCCCCCCCC.[N-](S(=O)(=O)F)S(=O)(=O)F,10243,NN1CC1.CC(=O)[O-],1742,C[n+]1ccn(CCCCCN)c1.COP(=O)([O-])
74,2681,CCCC[N+2]CCC.[Br-],11077,CC=CCCCC(C)CC=CCCCCCCCC.[B-](F)(F)(F)F,1744,CC[n+]1ccccc1C.C(#N)[S-]
75,2706,CCCCCCCCCCCCCCCCCCCCCCCCC.[N+](=O)([O-])[O-],11193,CNNCO.CCCCC(CC)CCC(=O)[O-],1746,CCCCCCCCn1cc[n+](CCC#N)n1.C(F)(F)(F)S(=O)(=O)[N-]S(=O)(=O)C(F)(F)F
76,2718,CCCCCCCCCCCCCCCCCCCCCCC.C1C[C@H](NC1)C(=O)[O-],11271,CCCCNNNCCC.C(F)(F)(F)S(=O)(=O)[N-]S(=O)(=O)C(F)(F)F,1749,CCCCCC[N+](CCCCCC)(CCCCCC)CNCCCC.[O-]P(=O)([O-])CCCCCC
77,2734,CCCCCCCCCCCCCCCCCCCC.C1=CC=C(C=C1)[O-],11613,C=CC=CCCCCCCCCCCC=CCCCCCCC.C(F)(F)(F)S(=O)(=O)[N-]S(=O)(=O)C(F)(F)F,1786,C[NH+]1C=CC=C1.C(=O)(O)[O-]
78,2774,CCCCCCCCCCCCCCCCCCCCCCCCCCCCCC.CCCCC(=O)[O-],11757,CC=CCCCCCCCCCCCCCC=CC=CCCC.[Cl-],1820,C#CCCCn1cc[n+](C)c1.FC(F)(F)S(=O)(=O)[N-]S(=O)(=O)C(F)(F)F
79,2818,CCCCCCCCCCCCCCCCCCCCCCCCCCCCCCCCCC.CC(=O)[O-],11785,C=CN.CCOS(=O)(=O)[O-],1928,C[n+]1ccn(CCCC#N)c1.CCOP(=O)([O-])OCC
80,2871,CCCCCCCCCCCCCCCCCCCCCCC.[O-]P(=O)([O-])CCCCCC,11809,CCCNNNNCCC.CCCCCCOS(=O)(=O)[O-],2019,C[n+]1ccn(CCCCCN)c1.C([C@@H](C(=O)[O-])N)O
81,2909,CCCCCCCCCCCCCCCCCCCCCCCCCCCCCCCC.C(C(F)(F)F)(C(F)(F)S(=O)(=O)[O-])F,11947,CCCCCCCN(CCCCCCC)C(CCCC)CC(C)CC.F[P-](F)(F)(F)(F)F,2042,CCCCCC(CC)(CCCC)CCCC[P+]CCCC.CCC(=O)[O-]
82,3017,CCCCCCCCCCCCCCCCCCCCCCCC.CCOS(=O)(=O)[O-],12100,CCCCCCCCCCCCCCCC(CCCC)(CCCCCCCC)CC(C)CCC.[B-](F)(F)(F)F,2046,C[n+]1ccn(CCCC#N)c1.COP(=O)([O-])
83,3027,CCCCCCCCCCCCCCCCCCCCCCCCCCCCCC.F[P-](F)(F)(F)(F)F,12130,C.C(F)(F)(F)S(=O)(=O)[N-]S(=O)(=O)C(F)(F)F,2093,C#CCCCn1cc[n+](C)c1.C(#N)[N-]C#N
84,3123,CCCCCCCCCCCCCCCCCCCCCCCCCCCCCCCC.C(F)(F)(F)S(=O)(=O)[N-]S(=O)(=O)C(F)(F)F,12176,CCCC=CCCCCCCCCCCCC=CCCCCCC.FC(F)(F)S(=O)(=O)[N-]S(=O)(=O)C(F)(F)F,2115,C[n+]1ccn(CCCCCN)c1.[Br-]
85,3236,CCO.C(F)(F)(F)S(=O)(=O)[N-]S(=O)(=O)C(F)(F)F,12366,CCNNCC.[O-]P([O-])(=O)CC,2145,C[n+]1ccn(CCCCCN)c1.[B-](F)(F)(F)F
86,3293,CCCCCCCCCCCCCCCCCCCCCCCCCCCCCC.c1c(cn[n-]1)[N+](=O)[O-],12399,CCCCCCCCCN1CC=CC(C)CCC1.C1C[C@H](NC1)C(=O)[O-],2156,C[n+]1ccn(CCCC#N)c1.CC(C)[C@@H](C(=O)[O-])N
87,3361,CCCCCCCCCCCCCCCCCCCCCCCCC.[Br-],12610,CNNONCCO.C(=O)(C(F)(F)F)[O-],2167,CCCCC[C+](CCCC)(CCCC)CCCC.C(#N)[S-]
88,3379,CCCCCCCCCCC1CCC1CNCCNCCCCC.OS(=O)(=O)[O-],12791,CCCNNC1C(C)C1CC.CC(=O)[O-],2179,C[n+]1ccn(CCCCCN)c1.C(#N)[S-]
89,3451,CCCCCCCCCCCCCCCCCCCCCC.C(=C(C#N)C#N)=[N-],12910,CCCCCCCC1CCCCCCC(CCC)C1.CCOS(=O)(=O)[O-],2197,CCCCCC.[B-](F)(F)(F)F
90,3492,CCCCCCCCCCCCCCCCCCCCCCCCCCC.C(C(=O)[O-])N,12947,C=CC(C)(CCCCCCC)CCCCCCCCCC.F[P-](F)(F)(F)(F)F,2230,C[n+]1ccn(CCCC#N)c1.c1[n-]c(c(n1)C#N)C#N
91,3495,CCCCCCCC[C+]CCCCCCCCCCCCCCCCCCCCCCCCCCCC.CCOS(=O)(=O)[O-],12979,CCCCNC1=CC=CC1C.[N+](=O)([O-])[O-],2243,CCCC[S+]1(C)CCCC1.FC(F)(F)S(=O)(=O)[N-]S(=O)(=O)C(F)(F)F
92,3760,CCCCCCCCCCCCCCCCCCCCCCCCCCCC.N#C[B-](C#N)(C#N)C#N,13146,NNN=CNO.C(F)(F)(F)S(=O)(=O)[N-]S(=O)(=O)C(F)(F)F,2363,C[n+]1ccn(CCCCCN)c1.[Cl-]
93,3761,CCCCCCCCCCCCCCCCCCCCCCC.[O-]P([O-])(=O)CC,13435,CCCCCCCCCCCCCCCCCCC.FC(F)(F)S(=O)(=O)[N-]S(=O)(=O)C(F)(F)F,2373,CCC#[P+](CCCC)(CCCC)CCCC.C(#N)[S-]
94,3820,CCCCCCCCCCCCCCCCCCCCCC.F[P-](F)(F)(F)(F)F,13682,CC=C=CCCCCCCCCCCCC=CC=CCCC.C(=C(C#N)C#N)=[N-],2393,CCCCC[N+](CCCC)(CCCC)CCCC.c1ccc(cc1)S(=O)(=O)[O-]
95,3878,CCCCCCCCCCCCCCCCCCCCCC.CCCCOS(=O)(=O)[O-],13795,CCCCC(O)CNOCCO.[O-]P(=O)([O-])CCCCCC,2408,C[n+]1ccn(CCCCCN)c1.CCC(=O)[O-]
96,3955,CCCCCCCCCCCCCCCCCCCCCC.CS(=O)(=O)[O-],13846,CNNNC.[B-](F)(F)(F)F,2431,C[n+]1ccn(CCCC#N)c1.CS(=O)(=O)[O-]
97,4005,CCCCCCCCCCCCCCCCCCCCCCCCCCCCCCCCCCCC.C(F)(F)(F)S(=O)(=O)[N-]S(=O)(=O)C(F)(F)F,13880,CCCCCN(C)C.C(=C(C#N)C#N)=[N-],2441,C[n+]1ccn(CCCCCCCCCO)c1.COS(=O)(=O)[O-]
98,4009,CCCCCCCCCCCCCCCCCCCCCCCC.C(F)(F)(F)S(=O)(=O)[O-],13941,OCCCO.CC(=O)[O-],2467,[NH2+]CCO.[B-](F)(F)(F)F
99,4029,CCCCCCCCCC(C)CCCCCC.[B-](F)(F)(F)F,13943,CCCC.[B-](F)(F)(F)F,2486,Cc1cc[n+](C)n1-c1ccccc1.C(#N)[S-]
100,4073,CCCCCCCCCCCCCCCCCCCCCCCC.N#C[B-](C#N)(C#N)C#N,13968,CCCCCCCCC1CCCCCCCCCCC1.C(F)(F)(F)S(=O)(=O)[N-]S(=O)(=O)C(F)(F)F,2597,Cc1ccc[n+](CCCCCCO)c1.CCCCO[P@@H](=O)[O-]